-- phpMyAdmin SQL Dump
-- version 4.8.3
-- https://www.phpmyadmin.net/
--
-- Host: 127.0.0.1:3306
-- Generation Time: Dec 03, 2018 at 06:25 AM
-- Server version: 5.7.23
-- PHP Version: 7.2.10

SET SQL_MODE = "NO_AUTO_VALUE_ON_ZERO";
SET AUTOCOMMIT = 0;
START TRANSACTION;
SET time_zone = "+00:00";


/*!40101 SET @OLD_CHARACTER_SET_CLIENT=@@CHARACTER_SET_CLIENT */;
/*!40101 SET @OLD_CHARACTER_SET_RESULTS=@@CHARACTER_SET_RESULTS */;
/*!40101 SET @OLD_COLLATION_CONNECTION=@@COLLATION_CONNECTION */;
/*!40101 SET NAMES utf8mb4 */;

--
-- Database: `demo`
--

-- --------------------------------------------------------

--
-- Table structure for table `admin`
--

DROP TABLE IF EXISTS `admin`;
CREATE TABLE IF NOT EXISTS `admin` (
  `id` int(11) NOT NULL,
  `name` varchar(20) DEFAULT NULL,
  `password` varchar(20) DEFAULT NULL
) ENGINE=MyISAM DEFAULT CHARSET=latin1;

--
-- Dumping data for table `admin`
--

INSERT INTO `admin` (`id`, `name`, `password`) VALUES
(1, 'admin', 'admin');

-- --------------------------------------------------------

--
-- Table structure for table `cart`
--

DROP TABLE IF EXISTS `cart`;
CREATE TABLE IF NOT EXISTS `cart` (
  `cartid` int(11) NOT NULL AUTO_INCREMENT,
  `custid1` int(11) NOT NULL,
  `pid1` int(11) NOT NULL,
  `pname` varchar(20) NOT NULL,
  `price` int(11) NOT NULL,
  `ipname` longblob,
  PRIMARY KEY (`cartid`)
) ENGINE=MyISAM AUTO_INCREMENT=40 DEFAULT CHARSET=latin1;

--
-- Dumping data for table `cart`
--

INSERT INTO `cart` (`cartid`, `custid1`, `pid1`, `pname`, `price`, `ipname`) VALUES
(6, 2, 2, 'paracetamol', 200, 0x616c6f70312f706172612e6a7067),
(10, 2, 3, 'R10', 230, 0x5231302e6a7067),
(11, 2, 1, 'karibevu', 500, 0x6179757276656469632f6b617269626576752e6a7067),
(9, 2, 1, 'karibevu', 500, 0x6179757276656469632f6b617269626576752e6a7067),
(14, 2, 2, 'paracetamol', 200, 0x616c6f70312f706172612e6a7067),
(13, 2, 3, 'R10', 230, 0x5231302e6a7067),
(15, 3, 2, 'paracetamol', 200, 0x616c6f70312f706172612e6a7067),
(16, 3, 3, 'R10', 230, 0x5231302e6a7067),
(17, 3, 4, 'R25', 350, 0x686f6d656f706174686963),
(18, 3, 5, 'R25', 350, 0x5236352e6a7067),
(21, 3, 2, 'paracetamol', 111, 0x616c6f70312f706172612e6a7067),
(20, 3, 3, 'R10', 230, 0x5231302e6a7067),
(24, 1, 7, 'FASHION1', 1500, 0x66312e6a7067),
(23, 1, 9, 'FASHION3', 900, 0x66332e6a7067),
(25, 1, 3, 'FOOT3', 500, 0x666f6f74332e6a7067),
(26, 1, 2, 'FOOT2', 500, 0x666f6f74312e6a7067),
(27, 1, 1, 'FOOT1', 450, 0x666f6f74776561722e6a7067),
(28, 1, 15, 'ELE3', 15000, 0x696d6167652f7476312e6a7067),
(29, 6, 1, 'FOOT1', 450, 0x666f6f74776561722e6a7067),
(30, 1, 1, 'FOOT1', 450, 0x666f6f74776561722e6a7067),
(31, 7, 31, 'FOOT3', 750, 0x666f6f74332e6a7067),
(32, 7, 30, 'FOOT2', 500, 0x666f6f74312e6a7067),
(34, 7, 9, 'Bag', 900, 0x66332e6a7067),
(39, 7, 15, 'TV', 15000, 0x696d6167652f7476312e6a7067);

-- --------------------------------------------------------

--
-- Table structure for table `category`
--

DROP TABLE IF EXISTS `category`;
CREATE TABLE IF NOT EXISTS `category` (
  `catid` int(11) DEFAULT NULL,
  `categoryname` varchar(20) DEFAULT NULL,
  `icatpath` blob
) ENGINE=MyISAM DEFAULT CHARSET=latin1;

--
-- Dumping data for table `category`
--

INSERT INTO `category` (`catid`, `categoryname`, `icatpath`) VALUES
(1, 'FOOTWEARS', 0x696d6167652f666f6f7477656172312e6a7067),
(2, 'FASHION', NULL),
(2, 'FASHION', 0x696d6167652f636c6f746865732e6a7067),
(3, 'ELECTRONICS', NULL),
(3, 'ELECTRONICS', 0x696d6167652f656c656374726f6e6963732e6a7067);

-- --------------------------------------------------------

--
-- Table structure for table `customer`
--

DROP TABLE IF EXISTS `customer`;
CREATE TABLE IF NOT EXISTS `customer` (
  `custid` int(11) NOT NULL AUTO_INCREMENT,
  `username` varchar(20) DEFAULT NULL,
  `password` varchar(20) DEFAULT NULL,
  `email` varchar(20) DEFAULT NULL,
  `phone` varchar(10) DEFAULT NULL,
  `address` varchar(50) DEFAULT NULL,
  PRIMARY KEY (`custid`)
) ENGINE=MyISAM AUTO_INCREMENT=8 DEFAULT CHARSET=latin1;

--
-- Dumping data for table `customer`
--

INSERT INTO `customer` (`custid`, `username`, `password`, `email`, `phone`, `address`) VALUES
(1, 'akshata', 'Akshata@09', 'akshata@gmail.com', '7894561243', 'Bangalore'),
(2, 'kav', 'Kavya123', 'akshata@gmail.com', '7894561243', 'bangalore'),
(3, 'kavya', 'Kavya123', 'akshata@gmail.com', '7894561243', 'banglr'),
(4, 'ak', 'Asdfg@123', 'ak@gmail.com', '9874561234', 'bnglr'),
(5, 'Shree', 'Shree@123', 'shree@gmail.com', '5874612304', 'banglre'),
(6, 'User', 'User@123', 'user@gmail.com', '7894561581', 'bnglr'),
(7, 'Adam', 'Adam@123', 'adam@gmail.com', '7894561237', 'Bangalore');

-- --------------------------------------------------------

--
-- Table structure for table `finalcart`
--

DROP TABLE IF EXISTS `finalcart`;
CREATE TABLE IF NOT EXISTS `finalcart` (
  `custid` int(11) DEFAULT NULL,
  `total` int(11) DEFAULT NULL
) ENGINE=MyISAM DEFAULT CHARSET=latin1;

--
-- Dumping data for table `finalcart`
--

INSERT INTO `finalcart` (`custid`, `total`) VALUES
(1, 0),
(2, 0),
(2, 0),
(2, 0),
(2, 0),
(2, 0),
(2, 0),
(2, 0),
(2, 100),
(2, 23),
(2, 0),
(2, 0),
(2, 200),
(2, 400),
(2, 900),
(2, 1200),
(2, 1200),
(2, 930),
(2, 1430),
(2, 660),
(2, 860),
(3, 200),
(3, 200),
(3, 430),
(3, 430),
(3, 430),
(3, 430),
(3, 780),
(3, 1010),
(3, 1121),
(3, 1121),
(1, 230),
(1, 900),
(1, 2900),
(1, 2900),
(1, 18850),
(1, 18850),
(1, 18850),
(1, 18850),
(1, 18850),
(1, 18850),
(1, 18850),
(6, 450),
(6, 450),
(1, 19300),
(7, 17150);

-- --------------------------------------------------------

--
-- Table structure for table `image`
--

DROP TABLE IF EXISTS `image`;
CREATE TABLE IF NOT EXISTS `image` (
  `id` varchar(10) DEFAULT NULL,
  `iname` blob
) ENGINE=MyISAM DEFAULT CHARSET=latin1;

--
-- Dumping data for table `image`
--

INSERT INTO `image` (`id`, `iname`) VALUES
('1', 0xffd8ffe000104a46494600010100000100010000ffdb00840009060712101215121212151515151515151515151515151815171515171615151715181d2820181a251d151521312125292b2e302e171f3538332d37282d2e2b010a0a0a0e0d0e1a10101a2b2520252b2d352d2d2d302e2d2f2d2b2b2b2d2f2d2f2b2d2b2d2d2d2b2d2b2d2d2d2d2d352d2d2d2f2b2d2e2d2d2d2d2d2d2d2d2d2dffc000110800e200df03012200021101031101ffc4001c0000010403010000000000000000000000000104050602030708ffc4004f10000103020204070a0a08050305000000010002030411122105061331224151538191d20714173242617192a1b115162333528293a2c1d135546272a3b2b3e2344373c2f02483e1256374c3f1ffc4001a010101000301010000000000000000000000010203040506ffc4003311000201020207070401050100000000000001020311145104121315213141053352617181a132b1d1f0224291c1e1f143ffda000c03010002110311003f00ee2b173c0b79f2592a7f749d34fa2a76cd1df1630c6904704b838e2b1041c9a458f2ace1073928ae6cc652514db2d86540957053dd12af9f97aa2eca0f743aae7e5ea8bf25dfbb2ae68e5c6432677ada25da2e083ba155f3f2f545d94a7ba15573f2f545d95775d5cd0c6c32677ada2368b827842abe7e5ea8bb291ddd06af9f97ee7e49baeae686361933be6d11b45c0bc2055f3f37f0fb2b21dd02ab9f97ee7e4a6ecab9a18d864cef7b446d17041dd0aab9e97ad9f925f08555cfcbfc3fc937655cd0c6c32677ada2368b827841aafd625ea8ff002589ee8159c553374b61ecabbaeae686361933beed11b45c047741aefd6a4fb383b2947742adfd665fb383b29baeae6bf7d86361933be6d51b45c147741acb7f8997ece0eca41dd06b7f5a94ff00dba7eca9bb2ae6bf7d86361933bded51b55c1bc21d67eb32fd9c1d947843acfd625f529fb09bb2ae686321e6779daa36ab847841ab23fc4c80ff00a7076120ee8157c7532fa907614ddb5335f3f82e321933bc6d52ed1706f8ff0055faccbeac43fd890ebfd57eb12ff087fb5376d4cd7cfe06321933bd6d126d7ccb819d7faae7e53d318ff6ac5ddd0aaf9d97d76f655ddb53343190c99dee5ab6b05dc6c32173bb3361ed2b7ae034bae95551b485d23cb5f14b70e2d76623738793706e06e2bb56ad55ba6a789eede638cf496027deb92bd07465ab237d2a8aa2ba25173eeed23fe85bfeb47fcb22e82a81dd987fd0ff00dd8fdcf5744efa1ea4afddcbd0e6da9b1c7b0ad9240c0636405af742d9b06291c090c7646fb96ca5d5864b03e77b9f1bac2569b330be27cc598c42de1305b319ef040161755ba2af9a124c52c9193bcc6f732f6dd7c245f795b8698a9b61ef89ad9e5b57db84713b2bf19cfd2be82546a6b37176bb4796aa46c9345924d4e8dcf7c714b77189b342f2f8df1cac12964aec4d02d85b636e221c33b5d466ac3982ba38dad6be29266b3e56363cba32fc890e1c17116dca399a5a5c4f7bdce91ef8dd107bde49687e4edfbeed2f6dbf6c94da091cd7073090e041696921c08dc411982b28d39b8b537d08e71ba7145d1dabb1d54a0bdd80cd53514f108991b1918803dc1cf681c226de63617b950faa5b0c52b2570639f8190ce6213323797ee2d7022cfdd7e4bee4ce9bbf6ce11f7cd9e497e1dad9c48b12eb6f241b13c69c5068cd2115f62c9e3c400380965edbaf98ddec586a5a2e2e6bc8cb5af24d4499a5d4a6caee14b85db4a98640dc385b50c78d8b182d935c1d7b715884df466a8b2573d8f748db626364bb3099a387692b305b138021c2f95adbc94c23d0ba41be2b256f0c49948070c6e7f8de367e36f594341a4e2be0150dbbb19c1211771dee385d993cab1fe5c6d5117f8f819677520969cb05817e8fd18d048c817cce6e2f6a8b1aa301930ed6468efb968f8582e646c58d8f1602cd2e184b73398cd414d4d5c016b9b5384b5ac23e5082c61bb1846ec20dc81b826d595b504b4cb24c5cc37617b9f769c8dda5c6e0e4331c839121464be9989548f5892fa73561b4d036632124b5ac2dcb2a80eb4b1feeb5ad779ee02ad2dd2d53de2ce7b9c3117d8b89189de33ac4f8c78cef2b52eba509457f2776689c937c15844b64a85b6c60259164a952c2e636459648b2585cc6c8b2c92a585cc084965b12592c2e6bb2c485b48583962d15325f535a0d5c60e60e269facd2dfc57a1f5723c34d10fd86fb1a07e0bce5ab75022a86c87732ee3d19af496853f22cf33405f39da9dfaf4ff2cf5f43eebdc7ca8ddd729df251e1634b9db48ec1a093e571057951da4e30ec9c2e2c3deb8a94f526a591be71d68b8e6704d1fa93552ef0d8fd2713bd56dfda42b468eee66dc8caf7bbaa31d59bbdaba431a064001e8c964bb67da55a5cb81cf1d0e9ae7c4aad26a2d247fe530f9c8327f392a6a0d0d0b326b6c3cd61ec0059489291724abd49736cdea9c172437ef28c7900fa49cba0acc5333e837a82db742d7acf333b2359819f41bd43f24869d87c86f505b6e8252ec58d068a33e40f72d32e8b89de4fb6fef4f12aaa725d49aa8ae566a6d2c97bc6cb9e3c001f59b62abf5fdcd223f365cdf43b10e90fcfdaba1a16f86975a1ca46b950a72e68e2ba4750ea62f130c8393c47753b2f6aadd5d1c909c3231cc3fb408ea3c6bd1aecf7e698d66898a50439a2c778b023d5392eea5dab25f5ab9cd3d053fa59e7aba5baea3a6fb9cc6ebba1bb0fece6de961cc741541d2fa02a29ae5ecbb4796dcdbd3c6de95ead1d2e955e4ce2a94270e688c424095751a054212a101225414060560566e5aca8ccd160d41a664b5b1c7234398f6c8d734f1831b97a2e8a20d60005ae013e9b05e79ee6ff00a421faff00d372f44c1e2b7d03dcbe73b53be5e87aba1f76fd4d89857efe81ef4fd30afdfd1f8af34eb19a108428a4a12210021084028291084008424402a5256284029374244201568a9a46483843a78fff002b7a154dae44e673dd64ee7cc7ddf0f01dbf21c13e968f17d23a9739d23a3a5a776095a5a788f13bced3c617a2145e99d05154b0b5cd06fc4775f972cda7ce17a7a37694a1c27c51c75b448cb8c78338104a158b59b54e5a425cd05d18cc9f299fbd6de3f687b1572ebdea7563523ad167973838bb31508415b0c0c5cb595b0ac1c162cc9162ee71fa421faffd372f45c3e28f40f72f3a773afd2107d7fe9b97a2e1f147a07b97cef6a77cbd0f5b43fa1fa99a615fbfa13f4c3486fe8fc579a758cd0912a1452504a44200459090a01503cc842100210840225ba44a420026e8ba44b640225485085150912a10d3554cd9059c3a79172dd72d4c31132c0dcb7b983dae60f7b7a9758584d1078b385c7fccc2e9d1f499d195d723556a31a8accf39215f75e3540b099a16f297b40dfcae68e5e51d2a84be9a8d78d58eb44f16ad395395998958b96656056c6628b1773afd210fd7fe9b97a269fc56fa07b979dbb9dfe9087ebff4dcbd114de237d03dcbe77b4fbe5e87ada1777ee6d4c3486fe8fc53f51fa43c6e8fc579c758d02e61a0f4b57544357377eb9a6980735bb388b5c2cf243aedbf916e95d3dbbd728d42d04cacefa64924ad607c77646fc2d7dcc9e3e46f6b7b4aecd1b554272974b74bf53456beb452f32e3a0b5a369a3dd593000c41e1f6c839ccdd6e4c5768f495a7b9f69e92aa3919506f344fe15c069c2eddc1b0b58823a934d67a1b0a6d19491b2c4ed9ec73886ece337b48eb13673b8f33701474b2d450e948e7a9644c6d57c9bf64e7399e4b711c4d1637c07ad6c8d384e324971776bdba7bf13073945abf4e0c91d39a52a8e948e8e2a83146f6039323758e17b89189a7e88e34e35574e4eeab9e8a77894c572d94343090d2010e0dcbca1d477a85d6ba1966d2f1b627ba376c46191be41c12db3e4bd81f314ffb98cb186cd13d81954c71db39c497bc6239924f11b836cb71e3595484551ba4be95edc7998c652da5afd5ff00c1d6bfeb2c947b26419bc9da482c08d934e1b1b8e08738dafe6563f852314fdf37f93d9ed6fbce1c38baf8952a1a7a9af755d445142f8aa01a78dd2c8e616c7192dbb0358722e18bd2168d5b7493e8fabd1e6fb683106b78c8c45d847d66b87d60b07460e09754d5fd1fe3919ed25acfcf97b7e491d015b5da50be613f7ac01c5ac6c6c639ee233377bc1dd7173cbc4a4abbbf29296a9efa812e08f14121635af69b1c41e00c27c9b65cbe84d7b96d4b5d462304638defc6de3189d88123a6dd054a6b8c8d34554d046210b8917170083624715ec7a8ac6a70ada9656be5d2e58f1a7ad7e36217550690aa8a2a935c30979c511a78cddac790e6e316b5c039db2ba69aeb5ba428582515a1c1f239ad608236e1167385dc6f7b016dcb2d42d050c94d0cee9250fc6e361339adbb253846cef6e2171c6b67760ff0b17fadff00d6f5b55b13abc2d77d1183bec75badb32c9a0696aa3c4ea8aa138735a5bf24d8b01ccbb369cef71d4abfab7adefa8ae92179f929311a6b80328c9191f283b0b8fa4594a6b5573a2a30c8fe767d9c110ddc2940693e6b0bfb153b58f47d5d2c74d50618582930303a291cf2e17046205a3226feb95ae8c233beb5af2e0bf7d781954938dadd39970d7dd33251d30922700f32b1a2e010459ce22c79436dd2a5f4769264f032769b31ccc649f26c3840fa2c474282d30e6564ba3c5b1452ed6520f2181d8411f59dd4aab431544724ba185f0c9283b4be6d80f0a423f79a0749238d48d18ca9db935c5fa5ecff00b15d46a77e8feffecb16a56b43eb67a90e2366db3a21600b5972dccef26d849bf195a347e99aad29512369e5ef7a68ad77b58d748fb921b62e040bd89f30b6fba63a2a011e98aaa76598d920735a06405e38dc2de8cd6eee507662a29dfc195b2025a72360309cb9011ed1cab6d4a708a94e2ba46de57e6610949b516fabb8fb4b693a9d17246e9a63514d23b038bdac6c919df70580070b5ceee2232deb6eb0e9d9a2afa4863906ca6c18c6169c41d21170e22e32e42a37bac5587321a6670a47c98f08ccdac5ad16e571765e829b69f80c55da2e371cd91c0c27ced7869f7253a71928ca4b8b52f85c189ca49b49f0bafb9d16a210f6e13ffe1e50b90ebcead1a7799583804f08019349f287ec9f615d81ae07710535d2b40d9e32c7006e08b1dc41de0f98ae7d17499519dfa1b2bd1552363cf456054b6b1e887524c586f84dcb09e31c87ce371ffca892be9a33528eb23c6717176658fb9e7e9087d2ff00e9b97a1e97c46fa07b979e3b9dfe9087ebff004dcbd0d47e237f742f03b4fbe5e87aba1777ee6e51fa4378f47e2a4130d21bc7a3f15e71d632ba61a334553d3179818d619082fb1271117b6f26de31ddca9f38022c45c1c883b88e450b410c51cf56f2c600c744ebe11c1029d84db2cb8d5bbe42c8936d0442633e01b52c1197e77c00df0f26fb2d5a5b43c154d6b678f1869c43370b1b5af7691caa3a8647c5523681cd154dc56790436660b9636c4daf181c9f337e3298d08c2c8a4734068ac986d1a6f25dd552c6c69161c025c01cce4065c60a4ef7b8b22724d0903a665418ef2c6035afc4eb8001198bd8e4e3bd62fd014c6674fb3f95702d73839edc40b70904036371e6e44ba177cfff00c993dcc4cf572983a225d1464192a4171b171f97905882ddd6cb7abaf2cc9aab225e86899046d8a36e163059a05cd85efbce6732535a6d0b4f1cefa8632d2bee1ee0e7677b5eedbe1e2077263a2a899b6acc2d6b4899818e0d1765e921f1793324f495b7439313db04b135b2ec8912c79b656c6e6b5c492039aebbda4875fc6c89cd359e65b216bb55e966936a632d90ef9227be271f4961173e75b29357e9a38e489b1ddb37cee273dce932b709c4df75d36ae89cfaa786c6c90f7b32c1e6c2fb59376473eadc33e34c695cd7cd49606606866f9db62243e98627dee316fbdafbcef575e56b5c9aab21e45a9740c735eda701cd21c0e39322d20839bb94291d2fa1e1ab6864ecc6d0ec405dcdb1b117bb483b8959e88a57431358e76220b8e5720627170636f9e16821a3cc028669148d730431b66149248d7c7c2c7b20d0fc576837c4e61e3bdd1d493776d8518f2b13551a3627ba27b997742498cdddc124589b5ec72037dd675f451cf1ba295b898f16737317cefbc6633014269371804724372ed84f7cc9c78603235ce1e51c6d6e67e99e54e83031f4a587c70e6bf3f1dbb2c78ddf49d89a33dfc23cab1bb2d91ba934153c4e8dcc610616b991f0de70b5e4970cce7993bd3bef38f69b6c236983678f8f0df161f45d35a9a9936c226601785d262735ceb16bdad030870cb8478d35a5d292bdb0bcb1844d0ba46b1b70e6bdac6b8331936703722f845b255c9be6c2487674341b7ef9c1f2bf4839d9f070e6dbd8e596e5ab4a6af5354b849247f283748c73a37facc209e95b347563e42df14b0c4d7e26b5cdb3c9cdb72e3c5c5bc5b3de14826bc93bdc9aa88ad19abb4d4cec71c5f287fcc79748ff0059e491d0b2d2fabf4d565ae9e20f2d1841c4f6d8137b704852684d795ef7e23555ad623b44683a7a4c5def188f1db159ce37c37b78c4f29524910a36dbbb2a49722adaf7a0454c4481c219b4f23b8ba0ee3d0b8bc8d2090458824107888c885e8f9181c083b88b2e35dd0b436c26da01c179b3b2cb10dc7a467e9057afd9ba47fe6fd8e0d3297f5a1b773bfd210fd7fe9b97a1a87e6dbfba179e3b9e7e9087d2ff00e9b97a1a83e6dbe85a3b4fbd5e86cd0bbbf71c261a4378f47e29fa61a4378f42f38eb192d26918711c23865a5ffb45a006dfd16092b67d9c6f7daf818e75b75f0826d75521af27981f687b2b38d394b91be968f52aabc11709e9d9261c4dbe1707b7cce6ee23acf5ad5168f89b6b33739cf02e480f792e738349b024b9c6fe72aac35e4f303ed3fb529d79ddf203ed3fb565b19e46cc0d7f0fd8b4b2858d71700412ec66cf7805dbae5b7b1dc38b8914f431c66ec0466e75b1bf0dde4b9c70936cc927771aaf3b5ae40cda1a47602010ec46d63b8df0ad92eb2cac0e2ea5b06805df2adcb11b0e2dfe6de14d948c709572f94581b4ac05e4347ca1bbf7f08860667f55a074248295accc5ef6c37739ce36e4bb8936554f8f3ffb1fc4fed5b60d722f20369892e21a2cfde4ee1e2ef57633c8c9e8559735f28b24d44c7b8bc8388b70121ce6ddb72709b1171727ad0ca28dae6b9ac00b18636585b0b1c5a4b40195b80dea5577ebb589069c8209046d371191f2520d791cc7f13fb53633c860ab787ec5c1c2e083c62dd6b53299a0975ae48c24b8971c23c9b9e2f32ae7c6b930e3148fc16be2c46d6e5be0dcb5d3eb8ba4706329b139c6c06d379e96a9b291307572f945961a3632d85bb9b85b724e169b5dadbee190c8720e4490d146c20b5be2b70b73270b72e0b6e78232190e41c8aae75ded96c3f89fdab7c1adce901c14af7116be17136bf2d9b926c67907a1d65c5af94594c0dc78edc20d2cbfec92091d6026f2d0b4303630d6ba3639b09372184b708b8e3190ea55c935db09c269c8703620bed6f35b0a7275a24b62ef536d9ed2fb41e25ed88f079536520f44aaba7ca2528347ecdcc2cc6c63585a58e91d20278386c0920016398b6fdca495462d75c56020cc9b01b4e5e4e025a8d7331b8b1d4f670de3680db8f786d95d94f2183ad7b5bec5b522a7fc791cc7f13fb51f1e47307ed3fb53633c8b82afe1fb170428cd03a5fbe98e7e0c185d86d7c5c40df70e5526b5b4d3b339e71717aaf982aeebae8915103871dac0f21ded3d7ef5625ae68c39a5a7711659539b849491ae7152566715ee7cd2348420e4419011c8431d70bd09a3fe6dbe85c628f47ec34cc46d60f2f77d60c7078ebcfeb2ecda3fe6dbe8fc575e9f3539c64b239f468eac5af31ca63a4778f427c98e91e2f415c274909a67fc3cdfe949fca57285d86460702080411620ee20ef0997c0b4dcc47ea356ea55540efd134a54534d7339604742ea2742537311faa10742537311faa16ec4ac8ebde70f0b2ab3bda63a57011bb03230e7178bb3e5331b3c59efe306c9dd4cf038e17ecb01ac762b060e096df15c67624005ded53ff01d37311faa8f80a97988fd55ab691395e934de6550c50973c6cd8256c4ec0098b03dd8f2706825b70ddc0efdf64b452b5d146c91b10b563768d18000d2d6e791c85f22479c6ec95a7e02a5e623f551f0152f311faa9b545c542d6e3fbee53676c1b273ecd0e8e4963c22d7787bbe4df6e3c2dc59f98234fb2068b46c187134b1ed7333660cdb912e7662f770b8370ae5f0152f30cf5527c034bcc47eaaaaaaf3325a64134f8953a9d2a22820c001798648cf0af8039d9dda38f92fd49e4745034c41db1716ced05cdc0d0e8dd193980e3718b2bbb3c9583e01a5e619d48f806979867529b48983d2a9f4bae6559b1d3e00dc3170a9e6717658848d71c1637c8fbd69d5a9a26c53094f04be0b8040393ce63940c89b712b7fc034bcc47d483a0a97988fd54daab5b897170d57177e2571cd8cba67ca192c9b6e1069659d116704b0b9dc117de41b8b05aa5742e88622d3868f839825aeda1ddfb56567f80697988fa91f00d2f30cea4da2f326261e7fbee414669a3a88c318cc3b41824bb30e031e63c6b93717c4e17172153e775dc4d80cce40580cf880dc174df802979867523e00a5e619d4b28d68a3653d361077b3672f42e9ff000052f30cea28f80297986751fcd67898e46ede50c9917a81f3127fabfec6ab3a6f47451c20b63606826e40e5dd7f62deb9672d695cf2eb54552a392ea2a42848b135103a4682f5704a3c9738f5b1cc70f6b4f42bb68ef9b6f4fbca819e2b969fa2ebf4116fc94f68df9b6f4fbcaca52bdbc8c52b5c7298e91e2f414f931d25c5e83f82c4a47a12210a2a1221005d09108054244201517488402dd2212201509108054244201517488402a1628402a122100a858a100394ce8cf9b6f4fbca86254ce8cf9b6f4fbca01d263a4b8ba7f04f932d25b874fe0842310851fa6ab9f044e91916d30b5ee37786001ad2ecce678b881e84292085598b5a83346b6be66e65b7c0cbe6e2f2d6b1b7e8cfd254de8fdbe1067c01c403858d700c3c6dc449c76e5b0ddb900ed2210801091080542442015213642d01f8f307823da4203635f7e25982b448f4da9272e790370b75f1a02410b49388e5bbde92498373e21bfd080de858b1f71709500a910840084210021091008e535a2fe69bd3ef2a14a9ad17f363a7de500ed32d25b874fe09ea67a4b70e94211498e9d6de9a71cb0cbfc8e4f4a88874dd9b33e6688d9048e8dce697c9e2b1af2e20305859fec4294ad21a3659741d30635e5d139b23d801c785ae91aeb37792315ede653344dffd51a68c934e60bd41692622f25d8093b8ca7824f1f2ef2a52af590471ceeb0da4467c0d21c1af10589e1dad7b385c03ee29dd669f823c4038bdcd70696b4126fb56c4eb656385cf00d9012a90ad34d54c96e58ec41a4b49b1b5da4b48bf1d88216e4008424402a1220a10c1c6f97171a6f30b1bb37f18e277a790f9d6d7bec324caaa7c22e7d007192770080d53d49759ad0713b8bde9d4501636cdccf95e7f303c4b1a0a42de13bc776ffd91c813a7bac2c10188981197fe41e42388a8fac949e03779c9257481bc217beecbcae416e329ce8ca32d18dfe31f60e4403ba78f0b40e45b10840084210a0abfad1a75f48e8c3034873257b8b8124089a1d900e1c57560546ee955b876509c01b345500b890c702c6b5cc01f71605d6041c8dec5674e9ba92515faba9635634ef292bf07fdfa7c927a035ac4ee6c72c6f63a42e0c76cf0b1c5adc782f8dc43ad739ab32e5faa147349353cb1195ed8e47091ef9237c4d66cc0735b6713b4ced97110ba7adba4538d395a26a854d7bbb08e537a2fe6c7a4fbca8471c94de8b3f263d27deb98d83b4cf496e1d29e28ad64ab1040f95dba363de72be4d6dce5d0b24aeec897b0c946556818250e0e69e1b9ef759ce173246227f1e57680155bc25c1c87d572c8774aa7e43eabd74e0eb784d5b7a799679f4040f0e0e6921c250784eff3801211c8486817e2ced6b95b1da1e221edb10247ed1c01dcfc6242e1c87100792f7e5556f0934fe7f55ff925f0934de7f55ff9260eb7846de9e65be968991b9ef68e1484179cb844642f6de73dfbfa8270a91e1229bcfeabff00247848a6f3faaffc94c1d6f0b1b7a7997748a93e1229bfe364eca5f08f4dff001b27653075bc2c6de9e65d50a95e11e9797eec9d947847a5ff008d7f653075bc2c6de9e65927a6903aecc241f25d70b2a7a371709252091e2b40b35be81cbe7559f08f4bcbf764eca3c2352f2fdd93b2984ade1636d4f32df552e017e2e34d1f50db622e01bcb7dfe6038caae1ee8b4a779fbb276535f8ef40d38b00bfeebfb2984ade1636f4f32d741017bb6af16fa0d3c4394f9ca9354b67745a5e5f649d94a3ba2d2f2fb1fd94c256f0b1b6a7997242a6f845a5e5f649d847844a5e5f63fb0984ade1636d0ccb92153bc21d2f2ff3f651e10e9797f9fb2a612b785976d0ccb4d7c4f7b088df81d76d9de60e05c371ded0474a6b1d24d963918fb3583360de0371baf6e321dd61407843a5e5fe7ecac87742a5fa43eff6564b47ac95b548ead37d49d8e9270db6d1a1d6cecd686938c1bf8b91c3717e5b1b14ea99b20b890b5dbac465e480ecb8b304efe3557f0854bca3ef76521ee854bca3ef7651e8f59ff485529aea59749c81b138b88032b93bb3701f8ab0e821f22cf42e6951add4f56dd83082e79600385c4f6b8ef6f202ba4eafdf60cc5bed9fa78d73ce9ca12b491b549495d122a0f5d299d2d1cd1b05dcf8a46346eb9734802e54e2d550db8522ecd32357563ce926a1d7b77c3fc48bb4b41d4eac1fe50fb48bb4bd0ae82eb034817a2bb46af97efb9c983866cf3e7c51ace687dac5db58fc54abe6c7dac3db5e84346163de4165bcaa64bf7dc9838e6cf3efc54abe6c7dac3db4bf152af9a1f69176d7a04d1049de4137954c90c1c73679ff00e29d5f35fc48bb68f8a957cd7f122ed2f407790477904de553243071cd9e7ff8a757cd7df8fb48f8a559ccfdf8fb4bd01de411de439137954c90c1c73679f8eaa56733f7e3ed243aad57cd7df8fb4bd03de439127783790752bbcaa64860e39b3cfdf15eaf993eb33b4b5cbaaf57cc9f599da5e84ef06f20ea48747379075051f69547d105a2473679f19ab1563fc93eb33f34bf16aaf993d6dfcd7a07e0d6720ea093e0b67d11d415de553243091cd9e7ff008b755cc9eb6fe6b1f8b955ccbbeefe6bd00ed151fd16f5047c111fd06faa137954c90c2473679ffe2ed5732ef67e68f8bb55cc3fa97a03e088fe837d5093e078fe837d509bca792261166ce01f176aff005793d52946ad567eaf27aa577ef81a3fa0df547e48f8163fa0df547e49bca792184599c03e2e55feaf2fa8563f16eaff005797d477e4bd04342c7f41bea84a343b3e837d509bca7922e1166713d54d0b5115546f92091ac68792e2c7002cc75b3b72d977dd07363883fe9127ad328f46346584588b1c8294a0843181a3705c3a4567567acf23a2953508d90e162e4216836985922542a411164210a164964a85482592592a1402591642150164884200212210804b24010840164a0210805094210805096c84200b25b210a1450b635221407fffd9);

-- --------------------------------------------------------

--
-- Table structure for table `login`
--

DROP TABLE IF EXISTS `login`;
CREATE TABLE IF NOT EXISTS `login` (
  `id` int(11) DEFAULT NULL,
  `userid` varchar(50) DEFAULT NULL,
  `password` varchar(50) DEFAULT NULL
) ENGINE=MyISAM DEFAULT CHARSET=latin1;

-- --------------------------------------------------------

--
-- Table structure for table `login1`
--

DROP TABLE IF EXISTS `login1`;
CREATE TABLE IF NOT EXISTS `login1` (
  `uname` varchar(50) DEFAULT NULL,
  `password` varchar(50) DEFAULT NULL
) ENGINE=MyISAM DEFAULT CHARSET=latin1;

-- --------------------------------------------------------

--
-- Table structure for table `product`
--

DROP TABLE IF EXISTS `product`;
CREATE TABLE IF NOT EXISTS `product` (
  `pid` int(11) NOT NULL AUTO_INCREMENT,
  `categoryid` int(11) DEFAULT NULL,
  `productname` varchar(20) DEFAULT NULL,
  `ipname` longblob,
  `price` int(11) NOT NULL,
  PRIMARY KEY (`pid`)
) ENGINE=MyISAM AUTO_INCREMENT=36 DEFAULT CHARSET=latin1;

--
-- Dumping data for table `product`
--

INSERT INTO `product` (`pid`, `categoryid`, `productname`, `ipname`, `price`) VALUES
(31, 1, 'Bellies', 0x666f6f74332e6a7067, 550),
(29, 1, 'Heels', 0x666f6f74776561722e6a7067, 500),
(30, 1, 'Shoes', 0x666f6f74312e6a7067, 1500),
(4, 1, 'Flat slippers', 0x666f6f74342e6a7067, 500),
(5, 1, 'Bellies', 0x666f6f74352e706e67, 500),
(6, 1, 'Wedges', 0x666f6f74362e706e67, 500),
(7, 2, 'Jacket', 0x66312e6a7067, 1500),
(8, 2, 'Jewellery', 0x66322e6a7067, 500),
(9, 2, 'Bag', 0x66332e6a7067, 900),
(10, 2, 'Sunglass', 0x66352e6a7067, 1500),
(11, 2, 'Watch', 0x77617463682e6a7067, 1200),
(13, 3, 'Mobile', 0x696d6167652f70686f6e65312e6a7067, 15000),
(14, 3, 'Washing Machine', 0x696d6167652f776173682e6a7067, 25000),
(15, 3, 'TV', 0x696d6167652f7476312e6a7067, 15000),
(16, 3, 'Harddisk', 0x696d6167652f656c65342e6a7067, 5000),
(17, 3, 'Laptop', 0x696d6167652f656c65352e6a7067, 55000),
(18, 3, 'Headphone', 0x696d6167652f656c65362e6a7067, 2000);
COMMIT;

/*!40101 SET CHARACTER_SET_CLIENT=@OLD_CHARACTER_SET_CLIENT */;
/*!40101 SET CHARACTER_SET_RESULTS=@OLD_CHARACTER_SET_RESULTS */;
/*!40101 SET COLLATION_CONNECTION=@OLD_COLLATION_CONNECTION */;
